{
  "music.modular": {
    "sounds": [
      {
        "name": "extramusic:music/modular",
        "stream": true
      }
    ]
  },
  "music.shuniji": {
    "sounds": [
      {
        "name": "extramusic:music/shuniji",
        "stream": true
      }
    ]
  },
  "music.corridor": {
    "sounds": [
      {
        "name": "extramusic:music/corridor",
        "stream": true
      }
    ]
  },
  "music.scar": {
    "sounds": [
      {
        "name": "extramusic:music/scar",
        "stream": true
      }
    ]
  },
  "music.amonge": {
    "sounds": [
      {
        "name": "extramusic:music/amonge",
        "stream": true
      }
    ]
  },
  "music.drinkup": {
    "sounds": [
      {
        "name": "extramusic:music/drinkup",
        "stream": true
      }
    ]
  }
}