{
  "music.menu": {
    "replace": true,
    "sounds": [
      {
        "name": "extramusic:music/modular",
        "stream": true,
        "volume": 0.8
      }
    ]
  },
  "music.game": {
    "sounds": [
      {
        "name": "minecraft:music/game/water/shuniji",
        "stream": true
      },
      {
        "name": "extramusic:music/modular",
        "stream": true,
        "volume": 0.6
      },
      {
        "name": "extramusic:music/field1",
        "stream": true,
        "volume": 1.0
      },
      {
        "name": "extramusic:music/field2",
        "stream": true,
        "volume": 1.0
      },
      {
        "name": "extramusic:music/field3",
        "stream": true,
        "volume": 0.9
      },
      {
        "name": "extramusic:music/field4",
        "stream": true,
        "volume": 0.6
      },
      {
        "name": "extramusic:music/cold1",
        "stream": true,
        "volume": 1.0
      }
    ]
  },
  "music.dragon": {
    "replace": true,
    "sounds": [
      {
        "name": "music/game/end/boss",
        "stream": true,
        "volume": 8.0
      }
    ]
  },
  "entity.lightning_bolt.thunder": {
    "replace": true,
    "sounds": [
      {
        "name": "ambient/weather/thunder1"
      },
      {
        "name": "ambient/weather/thunder2"
      },
      {
        "name": "ambient/weather/thunder3"
      },
      {
        "name": "ambient/weather/thunder4"
      },
      {
        "name": "ambient/weather/thunder6"
      },
      {
        "name": "ambient/weather/thunder12"
      },
      {
        "name": "ambient/weather/thunder13"
      }
    ]
  },
  "block.anvil.fall": {
    "sounds": [
      {
        "name": "step/metalstep1",
        "pitch": 1
      },
      {
        "name": "step/metalstep2",
        "pitch": 1
      },
      {
        "name": "step/metalstep3",
        "pitch": 1
      },
      {
        "name": "step/metalstep4",
        "pitch": 1
      },
      {
        "name": "step/metalstep5",
        "pitch": 1
      },
      {
        "name": "step/metalstep6",
        "pitch": 1
      }
    ],
    "replace": "true"
  },
  "block.anvil.step": {
    "sounds": [
      {
        "name": "step/metalstep1",
        "pitch": 0.5,
        "volume": 2
      },
      {
        "name": "step/metalstep2",
        "pitch": 0.5,
        "volume": 2
      },
      {
        "name": "step/metalstep3",
        "pitch": 0.5,
        "volume": 2
      },
      {
        "name": "step/metalstep4",
        "pitch": 0.5,
        "volume": 2
      },
      {
        "name": "step/metalstep5",
        "pitch": 0.5,
        "volume": 2
      },
      {
        "name": "step/metalstep6",
        "pitch": 0.5,
        "volume": 2
      },
      {
        "name": "step/metalstep1",
        "pitch": 0.3,
        "volume": 2
      },
      {
        "name": "step/metalstep2",
        "pitch": 0.3,
        "volume": 2
      },
      {
        "name": "step/metalstep3",
        "pitch": 0.3,
        "volume": 2
      },
      {
        "name": "step/metalstep4",
        "pitch": 0.7,
        "volume": 2
      },
      {
        "name": "step/metalstep5",
        "pitch": 0.7,
        "volume": 2
      },
      {
        "name": "step/metalstep6",
        "pitch": 0.7,
        "volume": 2
      }
    ],
    "replace": "true"
  },
  "block.glass.fall": {
    "sounds": [
      {
        "name": "step/glassstep1",
        "pitch": 0.8,
        "volume": 3.5
      },
      {
        "name": "step/glassstep2",
        "pitch": 0.8,
        "volume": 3.5
      },
      {
        "name": "step/glassstep3",
        "pitch": 0.8,
        "volume": 3.5
      },
      {
        "name": "step/glassstep4",
        "pitch": 0.8,
        "volume": 3.5
      },
      {
        "name": "step/glassstep5",
        "pitch": 0.8,
        "volume": 3.5
      },
      {
        "name": "step/glassstep6",
        "pitch": 0.8,
        "volume": 3.5
      }
    ],
    "replace": "true"
  },
  "block.glass.step": {
    "sounds": [
      {
        "name": "step/glassstep1",
        "volume": 2
      },
      {
        "name": "step/glassstep2",
        "volume": 2
      },
      {
        "name": "step/glassstep3",
        "volume": 2
      },
      {
        "name": "step/glassstep4",
        "volume": 2
      },
      {
        "name": "step/glassstep5",
        "volume": 2
      },
      {
        "name": "step/glassstep6",
        "volume": 2
      },
      {
        "name": "step/glassstep1",
        "pitch": 0.8,
        "volume": 2
      },
      {
        "name": "step/glassstep2",
        "pitch": 0.8,
        "volume": 2
      },
      {
        "name": "step/glassstep3",
        "pitch": 0.8,
        "volume": 2
      },
      {
        "name": "step/glassstep4",
        "pitch": 1.2,
        "volume": 2
      },
      {
        "name": "step/glassstep5",
        "pitch": 1.2,
        "volume": 2
      },
      {
        "name": "step/glassstep6",
        "pitch": 1.2,
        "volume": 2
      }
    ],
    "replace": "true"
  },
  "block.grass.step": {
    "sounds": [
      {
        "name": "step/grassstep1",
        "weight": 100,
        "volume": 1.0,
        "attenuation_distance": 8
      },
      {
        "name": "step/grassstep2",
        "weight": 100,
        "volume": 1.0,
        "attenuation_distance": 8
      },
      {
        "name": "step/grassstep3",
        "weight": 100,
        "volume": 1.0,
        "attenuation_distance": 8
      },
      {
        "name": "step/grassstep4",
        "weight": 100,
        "volume": 1.0,
        "attenuation_distance": 8
      },
      {
        "name": "step/grassstep5",
        "weight": 100,
        "volume": 1.0,
        "attenuation_distance": 8
      },
      {
        "name": "step/grassstep6",
        "weight": 100,
        "volume": 1.0,
        "attenuation_distance": 8
      }
    ],
    "replace": "true"
  },
  "block.gravel.step": {
    "sounds": [
      {
        "name": "step/gravelstep1",
        "weight": 30,
        "volume": 2
      },
      {
        "name": "step/gravelstep2",
        "weight": 30,
        "volume": 2
      },
      {
        "name": "step/gravelstep3",
        "weight": 30,
        "volume": 2
      },
      {
        "name": "step/gravelstep4",
        "weight": 30,
        "volume": 2
      },
      {
        "name": "step/gravelstep5",
        "weight": 30,
        "volume": 2
      },
      {
        "name": "step/gravelstep6",
        "weight": 30,
        "volume": 2
      },
      {
        "name": "step/gravelstep1",
        "weight": 30,
        "pitch": 0.8,
        "volume": 2
      },
      {
        "name": "step/gravelstep2",
        "weight": 30,
        "pitch": 0.8,
        "volume": 2
      },
      {
        "name": "step/gravelstep3",
        "weight": 30,
        "pitch": 0.8,
        "volume": 2
      },
      {
        "name": "step/gravelstep4",
        "weight": 30,
        "pitch": 1.2,
        "volume": 2
      },
      {
        "name": "step/gravelstep5",
        "weight": 30,
        "pitch": 1.2,
        "volume": 2
      },
      {
        "name": "step/gravelstep6",
        "weight": 30,
        "pitch": 1.2,
        "volume": 2
      }
    ],
    "replace": "true"
  },
  "block.metal.fall": {
    "sounds": [
      {
        "name": "step/metalstep1",
        "pitch": 0.8,
        "volume": 4
      },
      {
        "name": "step/metalstep2",
        "pitch": 0.8,
        "volume": 4
      },
      {
        "name": "step/metalstep3",
        "pitch": 0.8,
        "volume": 4
      },
      {
        "name": "step/metalstep4",
        "pitch": 0.8,
        "volume": 4
      },
      {
        "name": "step/metalstep5",
        "pitch": 0.8,
        "volume": 4
      },
      {
        "name": "step/metalstep6",
        "pitch": 0.8,
        "volume": 4
      }
    ],
    "replace": "true"
  },
  "block.metal.step": {
    "sounds": [
      {
        "name": "step/metalstep1",
        "pitch": 0.5,
        "volume": 3
      },
      {
        "name": "step/metalstep2",
        "pitch": 0.5,
        "volume": 3
      },
      {
        "name": "step/metalstep3",
        "pitch": 0.5,
        "volume": 3
      },
      {
        "name": "step/metalstep4",
        "pitch": 0.5,
        "volume": 3
      },
      {
        "name": "step/metalstep5",
        "pitch": 0.5,
        "volume": 3
      },
      {
        "name": "step/metalstep6",
        "pitch": 0.5,
        "volume": 3
      },
      {
        "name": "step/metalstep1",
        "pitch": 0.3,
        "volume": 3
      },
      {
        "name": "step/metalstep2",
        "pitch": 0.3,
        "volume": 3
      },
      {
        "name": "step/metalstep3",
        "pitch": 0.3,
        "volume": 3
      },
      {
        "name": "step/metalstep4",
        "pitch": 0.7,
        "volume": 3
      },
      {
        "name": "step/metalstep5",
        "pitch": 0.7,
        "volume": 3
      },
      {
        "name": "step/metalstep6",
        "pitch": 0.7,
        "volume": 3
      }
    ],
    "replace": "true"
  },
  "block.sand.step": {
    "sounds": [
      {
        "name": "step/sandstep1",
        "weight": 100,
        "volume": 2
      },
      {
        "name": "step/sandstep2",
        "weight": 100,
        "volume": 2
      },
      {
        "name": "step/sandstep3",
        "weight": 100,
        "volume": 2
      },
      {
        "name": "step/sandstep4",
        "weight": 100,
        "volume": 2
      },
      {
        "name": "step/sandstep5",
        "weight": 100,
        "volume": 2
      },
      {
        "name": "step/sandstep6",
        "weight": 100,
        "volume": 2
      },
      {
        "name": "step/sandstep1",
        "weight": 100,
        "volume": 2,
        "pitch": 1.2
      },
      {
        "name": "step/sandstep2",
        "weight": 100,
        "volume": 2,
        "pitch": 1.2
      },
      {
        "name": "step/sandstep3",
        "weight": 100,
        "volume": 2,
        "pitch": 1.2
      },
      {
        "name": "step/sandstep4",
        "weight": 100,
        "volume": 2,
        "pitch": 0.8
      },
      {
        "name": "step/sandstep5",
        "weight": 100,
        "volume": 2,
        "pitch": 0.8
      },
      {
        "name": "step/sandstep6",
        "weight": 100,
        "volume": 2,
        "pitch": 0.8
      }
    ],
    "replace": "true"
  },
  "block.snow.step": {
    "sounds": [
      {
        "name": "step/snowstep1",
        "volume": 3,
        "weight": 100
      },
      {
        "name": "step/snowstep2",
        "volume": 3,
        "weight": 100
      },
      {
        "name": "step/snowstep3",
        "volume": 3,
        "weight": 100
      },
      {
        "name": "step/snowstep4",
        "volume": 3,
        "weight": 100
      },
      {
        "name": "step/snowstep5",
        "volume": 3,
        "weight": 100
      },
      {
        "name": "step/snowstep6",
        "volume": 3,
        "weight": 100
      },
      {
        "name": "step/snowstep1",
        "volume": 3,
        "weight": 100,
        "pitch": 0.8
      },
      {
        "name": "step/snowstep2",
        "volume": 3,
        "weight": 100,
        "pitch": 0.8
      },
      {
        "name": "step/snowstep3",
        "volume": 3,
        "weight": 100,
        "pitch": 0.8
      },
      {
        "name": "step/snowstep4",
        "volume": 3,
        "weight": 100,
        "pitch": 1.2
      },
      {
        "name": "step/snowstep5",
        "volume": 3,
        "weight": 100,
        "pitch": 1.2
      },
      {
        "name": "step/snowstep6",
        "volume": 3,
        "weight": 100,
        "pitch": 1.2
      }
    ],
    "replace": "true"
  },
  "block.stone.fall": {
    "sounds": [
      {
        "name": "step/marble_walk1",
        "volume": 1.5,
        "pitch": 0.5
      },
      {
        "name": "step/marble_walk10",
        "volume": 1.5,
        "pitch": 0.5
      },
      {
        "name": "step/marble_walk11",
        "volume": 1.5,
        "pitch": 0.5
      },
      {
        "name": "step/marble_walk2",
        "volume": 1.5,
        "pitch": 0.5
      },
      {
        "name": "step/marble_walk3",
        "volume": 1.5,
        "pitch": 0.5
      },
      {
        "name": "step/marble_walk4",
        "volume": 1.5,
        "pitch": 0.5
      },
      {
        "name": "step/marble_walk5",
        "volume": 1.5,
        "pitch": 0.5
      },
      {
        "name": "step/marble_walk6",
        "volume": 1.5,
        "pitch": 0.5
      },
      {
        "name": "step/marble_walk7",
        "volume": 1.5,
        "pitch": 0.5
      },
      {
        "name": "step/marble_walk8",
        "volume": 1.5,
        "pitch": 0.5
      },
      {
        "name": "step/marble_walk9",
        "volume": 1.5,
        "pitch": 0.5
      }
    ],
    "replace": "true"
  },
  "block.stone.step": {
    "sounds": [
      {
        "name": "step/marble_walk1",
        "volume": 0.6,
        "pitch": 0.7
      },
      {
        "name": "step/marble_walk10",
        "volume": 0.6,
        "pitch": 0.7
      },
      {
        "name": "step/marble_walk11",
        "volume": 0.6,
        "pitch": 0.7
      },
      {
        "name": "step/marble_walk2",
        "volume": 0.6,
        "pitch": 0.7
      },
      {
        "name": "step/marble_walk3",
        "volume": 0.6,
        "pitch": 0.7
      },
      {
        "name": "step/marble_walk4",
        "volume": 0.6,
        "pitch": 0.7
      },
      {
        "name": "step/marble_walk5",
        "volume": 0.6,
        "pitch": 0.7
      },
      {
        "name": "step/marble_walk6",
        "volume": 0.6,
        "pitch": 0.7
      },
      {
        "name": "step/marble_walk7",
        "volume": 0.6,
        "pitch": 0.7
      },
      {
        "name": "step/marble_walk8",
        "volume": 0.6,
        "pitch": 0.7
      },
      {
        "name": "step/marble_walk9",
        "volume": 0.6,
        "pitch": 0.7
      }
    ],
    "replace": "true"
  },
  "block.wood.fall": {
    "sounds": [
      {
        "name": "step/woodstep1",
        "volume": 2
      },
      {
        "name": "step/woodstep2",
        "volume": 2
      },
      {
        "name": "step/woodstep3",
        "volume": 2
      },
      {
        "name": "step/woodstep4",
        "volume": 2
      },
      {
        "name": "step/woodstep5",
        "volume": 2
      },
      {
        "name": "step/woodstep6",
        "volume": 2
      }
    ],
    "replace": "true"
  },
  "block.wood.step": {
    "sounds": [
      {
        "name": "step/woodstep1",
        "weight": 100,
        "volume": 0.8
      },
      {
        "name": "step/woodstep2",
        "weight": 100,
        "volume": 0.8
      },
      {
        "name": "step/woodstep3",
        "weight": 100,
        "volume": 0.8
      },
      {
        "name": "step/woodstep4",
        "weight": 100,
        "volume": 0.8
      },
      {
        "name": "step/woodstep5",
        "weight": 100,
        "volume": 0.8
      },
      {
        "name": "step/woodstep6",
        "weight": 100,
        "volume": 0.8
      },
      {
        "name": "step/woodstep1",
        "weight": 100,
        "pitch": 0.8,
        "volume": 0.8
      },
      {
        "name": "step/woodstep2",
        "weight": 100,
        "pitch": 0.8,
        "volume": 0.8
      },
      {
        "name": "step/woodstep3",
        "weight": 100,
        "pitch": 0.8,
        "volume": 0.8
      },
      {
        "name": "step/woodstep4",
        "weight": 100,
        "pitch": 1.2,
        "volume": 0.8
      },
      {
        "name": "step/woodstep5",
        "weight": 100,
        "pitch": 1.2,
        "volume": 0.8
      },
      {
        "name": "step/woodstep6",
        "weight": 100,
        "pitch": 1.2,
        "volume": 0.8
      }
    ],
    "replace": "true"
  },
  "block.wool.step": {
    "sounds": [
      {
        "name": "step/clothstep1",
        "weight": 100,
        "volume": 8,
        "pitch": 1
      },
      {
        "name": "step/clothstep2",
        "weight": 100,
        "volume": 8,
        "pitch": 1
      },
      {
        "name": "step/clothstep3",
        "weight": 100,
        "volume": 8,
        "pitch": 1
      },
      {
        "name": "step/clothstep4",
        "weight": 100,
        "volume": 8,
        "pitch": 1
      },
      {
        "name": "step/clothstep5",
        "weight": 100,
        "volume": 8,
        "pitch": 1
      },
      {
        "name": "step/clothstep6",
        "weight": 100,
        "volume": 8,
        "pitch": 1
      },
      {
        "name": "step/clothstep1",
        "weight": 100,
        "volume": 8,
        "pitch": 0.8
      },
      {
        "name": "step/clothstep2",
        "weight": 100,
        "volume": 8,
        "pitch": 0.8
      },
      {
        "name": "step/clothstep3",
        "weight": 100,
        "volume": 8,
        "pitch": 0.8
      },
      {
        "name": "step/clothstep4",
        "weight": 100,
        "volume": 8,
        "pitch": 1.2
      },
      {
        "name": "step/clothstep5",
        "weight": 100,
        "volume": 8,
        "pitch": 1.2
      },
      {
        "name": "step/clothstep6",
        "weight": 100,
        "volume": 8,
        "pitch": 1.2
      }
    ],
    "replace": "true"
  }
}